Ownership Name,DBA Name,Street Address,City,State
Walgreen Co,Walgreens #15567,845 Market St,San Francisco,CA
Jug Shop Inc,Jug Shop Inc.,1648 Pacific Ave,San Francisco,CA
Urban Land Services Of Cal,Urban Land Services Of Cal,1170 Sacramento St 5d,San Francisco,CA
Tran Sandy Dung,Elizabeth Hair Studio,672 Geary St,San Francisco,CA
Merrill Lynch Pierce Etal Inc,Merrill,1275 Fell St,San Francisco,CA
Ken Chi Chuan Association,Ken Chi Chuan Association,3626 Taraval St Apt 3,San Francisco,CA
Merrill Lynch Pierce Etal Inc,Merrill,500 Battery St,San Francisco,CA
Fisher Marie F,Marie Fisher Interior Design,55 New Montgomery St Ste 801,San Francisco,CA
Shatara Suheil E,Shatara Architecture Inc,60 Divisadero St,San Francisco,CA
T W M Industries,Carls Jr Restaurant,10 Un Plaza,San+francisco,CA
Henriquez Reinaldo,City Tours,705 Vallejo St #52,San Francisco,CA
Chador Abraham & Co Inc,Abraham Chador & Co Inc,27 Maiden Lane  203,San Francisco,CA
Mission Language & Vocl Sch,Mlvs Technology Center,2929 19th St,San Francisco,CA
John W De Roy Chiroprac Corp,John W Deroy Chiropractic Corp,120 Hickory St,San Francisco,CA
Walgreen Co,Walgreens #13671,3931 Alemany Blvd 2001,San Francisco,CA
Blasko Peter B Et Al,2092-2098 California Street,2092 California St #98,San Francisco,CA
Saddul Oscar Allado Md Inc,Dr Oscar Allado Saddul-Md,2460 Mission St Ste 215,San Francisco,CA
San Francisco Associates Inc,San Francisco Associates Inc.,847 Sansome St Fl 4,San Francisco,CA
Neirro Erainya Rodgers G Etal,239-245 Bartlett St Condo Assn,239 Bartlett St #245,San Francisco,CA
Merrill Lynch Pierce Etal Inc,Merrill,5268 Diamond Heights Blvd,San Francisco,CA
Merrill Lynch Pierce Etal Inc,Merrill,6 Leland Ave,San Francisco,CA
Merrill Lynch Pierce Etal Inc,Merrill,302 Folsom Ave,San Francisco,CA
Merrill Lynch Pierce Etal Inc,Merrill,425 Market St,San Francisco,CA
Merrill Lynch Pierce Etal Inc,Merrill,445 Powell St,San+francisco,CA
Merrill Lynch Pierce Etal Inc,Merrill,2310 Fillmore St,San Francisco,CA
Curtiss Sarah J,Sarah Curtiss Consulting,3664 16th St,San Francisco,CA
Levensohn Venture Partners Llc,Levensohn Venture Partners Llc,101 California St 1200,San Francisco,CA
Wechter J,San Francisco Treasure Hunts,912 Cole St #223,San Francisco,CA
Knuepfel George M,George Matthews And Associates,118 Hancock St,San Francisco,CA
Propark America West Llc,Propark America West Llc,542 Geary St,San Francisco,CA
Waner Janet S,Waner Janet S Phd,2919 Sacramento St #3,San Francisco,CA
Health Diagnostics Of California A Professional Corporation,San Francisco Sfmrc,1180 Post St,San Francisco,CA
Propark America West Llc,Propark America West Llc,433 Mason St,San Francisco,CA
Propark America West Llc,Pro Park America West Llc,334 Mason St,San Francisco,CA
Propark America West Llc,Pro Park America West Llc,750 Front St,San Francisco,CA
Merrill Lynch Pierce Etal Inc,Merrill,1335 4th St,San+francisco,CA
Merrill Lynch Pierce Etal Inc,Merrill,2485 San Bruno Ave,San Francisco,CA
Merrill Lynch Pierce Etal Inc,Merrill,2701 Mission St,San Francisco,CA
Mcdowell Properties,Mcdowell Properties,601 Montgomery St 2000,San Francisco,CA
Merrill Lynch Pierce Etal Inc,Merrill,1515 Sloat Blvd,San Francisco,CA
Merrill Lynch Pierce Etal Inc,Merrill,15 Ocean Ave,San Francisco,CA
Wilbur-Ellis Co,Wilbur-Ellis Co,345 California St Fl 27,San Francisco,CA
Nyse Arca Inc,Nyse Arca Inc,845 Page Mill Rd,Palo+alto,CA
Walker Debra D,Debra Walker,540 Alabama St #216,San Francisco,CA
Macdougall Laurie Jean,Macdougall & Company,306 Lily St Apt C,San Francisco,CA
Farallon Geographics Inc,"Farallon Geographics Inc.,",601 Montgomery St Ste 1095,San Francisco,CA
Liu Elizabeth W,1178 Folsom St Bldg,1178 Folsom St,San Francisco,CA
Hausrath Economics Group,Hausrath Economics Group,1212 Broadway  Ste 1500,Oakland,CA
Boutrin Anthony N,Sf Vendings,1945 Sutter St Apt K,San Francisco,CA
Mozaffarian Shapur,Shapur,272 Post St,San Francisco,CA
Wang James Y,The Well Modern Chiropractic,364 Hayes St 2nd Fl,San Francisco,CA
Honorway Investment Corp,Honorway Investment Corp,388 Market St Ste 1068,San Francisco,CA
Walters & Wolf Glass Co,Walters & Wolf,2990 3rd St,San+francisco,CA
Boughan Kieran J,Kieran Boughan Architect,845 Waller St Apt 5,San Francisco,CA
Arkadin Inc,Arkadin Inc,5 Concourse Pkwy Ste 1600,Atlanta,GA
Ihi Inc,Ihi Inc,50 Fremont St #3200,San Francisco,CA
Teva Pharmaceuticals Usa Inc,Teva Pharmaceuticals Usa Inc,1510 Delp Dr,Kulpsville,PA
Clinton Reilly Communications,Clinton Reilly Campaigns,465 California St Bld Offc,San Francisco,CA
Wang James Y,Wangnd.com,355 Octavia St Unit 34,San Francisco,CA
Morrison Adam C,Bodytonic Therapeutic Massage,2064 Union St Ste 2,San Francisco,CA
Alberts Daniel F,Daniel F Alberts Dpm,595 Buckingham Way Ste 330,San Francisco,CA
Christ Katie A,Katie A Christ,2261 Market St #226,San Francisco,CA
Ward Alene M,The Will And The Way-Penny Young,3234 Jennings St,San Francisco,CA
Ward Alene M,The Will And The Way-Penny Young,253 Charter Oak Ave,San Francisco,CA
United Rentals (North Ame) Inc,"United Rentals (North America), Inc. Dba United Rentals General",100 First Stamford Place 700,Stamford,CT
Notor Ralph C,Ralph Notor Mft,220 Montgomery St 400,San Francisco,CA
Notor Ralph C,Ralph Notor Mft,582 Market St Ste 1108,San Francisco,CA
Burton Constance D,Constance Burton Jd Psy D,3352a Sacramento St,San Francisco,CA
Walgreen Co,Walgreens #03711,1189 Potrero Ave,San Francisco,CA
"Obrien Bernice,elaine,geneviev",1301 19th Av Bldg,1301 19th Ave,San Francisco,CA
On Lok Community Housing Inc,On Lok Community Housing Inc,1000 Montgomery St,San Francisco,CA
Mandy Scott Flowers Llc,Mandy Scott Flowers,1738 Union St A,San Francisco,CA
Mandy Scott Flowers Llc,Mandy Scott Events,1738 Union St A,San Francisco,CA
Mandy Scott Flowers Llc,Mandy Scott Events,981 Mission St,San Francisco,CA
Silverman Paul S,Paul Silverman Mft Lpcc,3896 24th St,San Francisco,CA
Zimtricht Trichter Stephen M,Dr Stephen M Trichter Psy.d,110 Gough St Ste 202,San Francisco,CA
Lamassonne Jr Luis A,Macmedic,721 Arguello Blvd Apt 302,San Francisco,CA
Cannon Wines Limited,Terroir 2 Shelf,1045 Sansome St 110,San Francisco,CA
Hearst Corp The,The Hearst Corp,2000 Marin St,San Francisco,CA
Zumper Inc,Zumper Inc,49 Geary St,San Francisco,CA
United Rentals (North Ame) Inc,Rsc Equipment Rental Inc,2177 Jerrold Ave,San Francisco,CA
Gonzalez Ruben,Gonzalez Enterprizes,4422 23rd St #2,San Francisco,CA
American Bach Soloists,American Bach Soloists,44 Page St Ste 504,San Francisco,CA
Pj Enterprise Group Inc,Adair Design Group,2101 Union St,San Francisco,CA
Mcdonald Michael W,Animist,1587 15th St Apt 405,San Francisco,CA
Emerson Jerome G,Jerome's Antiques,90 Parnassus Ave,San Francisco,CA
Fpl Corporate Services Llc,Fpl Corporate Services Llc,220 Montgomery St Ste 344,San Francisco,CA
Deshetler Denise A,"Denise Deshetler, Cmt",870 Market Street  Ste 557,San Francisco,CA
Arthur Andreas,3195 California Bldg,3195 California St,San Francisco,CA
Stern Earl Md Inc,Stern Earl Md Inc,1496 Portola Dr,San Francisco,CA
Beck Enterprises,1111 17th St Bldg,1111 17th St,San Francisco,CA
Bluestar Refreshment Services,Bluestar Refreshment Services@uber Technologies Inc.,71 Stevenson-Floors 12 And 13,San Francisco,CA
Bluestar Refreshment Services,Bluestar Refreshment Services@uber Technologies Inc.,353 Sacramento - Floors 11 And 12,San Francisco,CA
Devil's Teeth Inc,Devils Teeth Inc.,3619 Balboa St,San Francisco,CA
Iniguez Teresa M,Tierra Morena,430 Staples Ave,San Francisco,CA
Bay West Showplace Investors,101 Henry Adams Bldg,101 Henry Adams St,San Francisco,CA
Joyner Mattie K,Matties Alteration Shop,1045 Silver Ave,San Francisco,CA
Park Chin K,Print 1,1 Market St # S-528,San Francisco,CA
Bon Appetit Management Co,Bon Appetit @ Dropbox,1800 Owens St,San+francisco,CA
Bon Appetit Management Co,Bon Appetit @ Aurora,85 Bluxome St Fl 3,San Francisco,CA
Bon Appetit Management Co,Bon Appetit @ Aurora,85 Bluxome St Fl 2,San Francisco,CA
Roderick P Bushnell Etal,Law Office Of Roderick P. Bushnell,1388 Sutter St Ste 810,San Francisco,CA
Roderick P Bushnell Etal,Law Office Of Roderick P. Bushnell,900 Kearny St #299,San Francisco,CA
Roderick P Bushnell Etal,Bushnell-Caplan-Fielding,900 Kearny St 299,San Francisco,CA
United Rentals (North Ame) Inc,"United Rentals (North America), Inc.",2255 Mckinnon Ave,San Francisco,CA
Nichols Eric W,Object Studios,1241 24th Ave,San Francisco,CA
Parr John H & Parr Philip,58 Liberty St Apartments,58 Liberty St,San Francisco,CA
Bellcore Constr Inc,"152 Kennedy Avenue, Building B, Campbell, Ca 95008",152 Kennedy Ave Bldg B,Campbell,CA
Curtiss Sarah J,Legal Max,3664 16th St,San Francisco,CA
Curtiss Sarah J,Everything Is Pointless & Wdfl,3901 18th St,San Francisco,CA
Bryan Suzanne,Suzanne Bryan,48 Lurline St,San Francisco,CA
Pangu Shengong Intl Rsrch Inst,Pangu Culture Intl Rsrch Inst,569 Geary St Ste 200,San Francisco,CA
Pangu Shengong Intl Rsrch Inst,Pangu Shengong Intl Rsrch Inst,569 Geary St Ste 200,San Francisco,CA
Underground Advertising Inc,Underground Advertising,916 Kearny St 506,San Francisco,CA
The Mexican Museum,The Mexican Museum,00 Fort Mason Center,San+francisco,CA
Anntaylor Retail Inc.,Ann Taylor Store #1176,3251 20th Ave Ste 210,San Francisco,CA
"Ruby Peak Consulting, Inc",Ruby Peak Recruiting,1 Sutter St Ste 910,San Francisco,CA
"Ruby Peak Consulting, Inc",Ruby Peak Recruiting,220 Montgomery St 608,San Francisco,CA
The Stinnett Group Llp,The Stinnett Group Llp,388 Market St Ste 870,San Francisco,CA
Baan Thai Llc,Bussaba,534 Irving St,San Francisco,CA
Uln Sf Llc,Uln Sf Llc,611 Washington St 2204,San Francisco,CA
Gorman Malka J,Malka J Gorman Psy.d.,220 Montgomery St Ste 1800,San Francisco,CA
Merrill Lynch Pierce Etal Inc,Merrill,3250 Mission St,San Francisco,CA
Merrill Lynch Pierce Etal Inc,Merrill,4098 24th St,San Francisco,CA
Matsumoto Shoko,Sawai Koto Usa,149 Noe St,San Francisco,CA
Veterans Taxicab Co Inc,Veterans Taxicab Co Inc,1665 Westmoor Rd,Hillsborough,CA
Veterans Taxicab Co Inc,Veterans Taxicab Co Inc,1 Embarcadero Ctr Ste 650,San+francisco,CA
Guidry Monique N,Guidry's Ece Program,289 Farallones St,San Francisco,CA
Bradley Teresa C,Revolutionary Green,4125 Balboa St,San Francisco,CA
Icf Incorporated,Icf Incorporated,620 Folsom St Fl 2,San Francisco,CA
Gamble Partners Llc,Gamble Partners Llc,100 Montgomery St 1220,San Francisco,CA
Crown Cab Inc,Crown Cab Company,85 Industrial St,San Francisco,CA
Benarafa Aziz/boujebha Marco,Progressive Grounds,400 Cortland Ave,San Francisco,CA
Propark America West Llc,101 California Venture,101 California St,San Francisco,CA
Dummel Ruth V,Ruth Dummel,3663 Sacramento St,San Francisco,CA
Borges Juarez Jose,Jack's Carpet Cleaner,59 Athens St,San Francisco,CA
Weisscomm Partners Inc,Wcg,60 Francisco St,San Francisco,CA
Melara Sonia E & Roman Tomas M,Communique,35 Madrone Ave,San Francisco,CA
Language In Action Llc,Language In Action Llc,400 Goettingen St,San Francisco,CA
Low Income Investment Fund,Low Income Investment Fund,49 Stevenson St Ste 300,San Francisco,CA
Rodriguez Felix/pemberton S,F A Rodriguez Consulting,640 Davis St Unit 20,San Francisco,CA
Leon Joseph,Jl Designs,430 Baker St 3,San Francisco,CA
Flenoid Aisha,Aisha's Home Repair Consultant,820 Laguna St F,San Francisco,CA
Academia Inc,"Academia, Inc.",580 California St Ste 580,San Francisco,CA
Facebook Inc,250 Howard Street Floor 3rd & 4th,250 Howard St,San Francisco,CA
Merrill Lynch Pierce Etal Inc,Merrill,2835 Geary Blvd,San Francisco,CA
Merrill Lynch Pierce Etal Inc,Merrill,101 California St Fl 21,San Francisco,CA
Merrill Lynch Pierce Etal Inc,Merrill,1455 Market St,San Francisco,CA
Public Library Of Science,Public Library Of Science,1160 Battery St 225,San Francisco,CA
Walgreen Co,Walgreens,498 Castro St,San Francisco,CA
On Lok Community Housing Inc,On Lok Community Housing Inc,1333 Bush St,San Francisco,CA
Mueller Philip A,29-39 27th St Apts,29 27th St,San Francisco,CA
Weiss Tauba Trust,1311 48th Av Apts,1311 48th Ave,San Francisco,CA
Rise Institute,Rise Institute,1760 Cesar Chavez,San Francisco,CA
Allergan Usa Inc,Allergan Usa Inc,2525 Dupont Dr,Irvine,CA
Galamba Patricia J,Patricia J Galamba Md,909 Hyde St Ste 410,San Francisco,CA
Naify Robert A Etal,"Exph Greenwich Properties, Llc",1275 Greenwich St,San Francisco,CA
Coincident.tv Inc,Coincident.tv,3435 Cesar Chavez Penthouse,San Francisco,CA
Planisware Usa Inc,Planisware Usa Inc,300 Montgomery St Ste 930,San Francisco,CA
"Fugazi Travel Agency, Inc.","Fugazi Travel Agency, Inc.",170 Grant Ave 4th Fl,San Francisco,CA
"Fugazi Travel Agency, Inc.",La Collezione,400 Sansome St,San Francisco,CA
"Fugazi Travel Agency, Inc.",Sea Level,400 Sansome St,San Francisco,CA
"Fugazi Travel Agency, Inc.",Anaconda Adventures,400 Sansome St,San Francisco,CA
British Motor Car Dist Ltd,Lamborghini San Francisco,999 Van Ness Ave,San Francisco,CA
Central Drug Co Inc,Central Drug Co Inc,4494 Mission St,San Francisco,CA
China Bazaar Inc,China Bazaar,667 Grant Ave,San Francisco,CA
Georgina Rice & Co Inc,Georgina Rice & Co Inc,550 15th St Ste 36c,San Francisco,CA
Syserco Inc,Syserco Inc,44244 Fremont Blvd,Fremont,CA
Altman Vilandrie & Company,Altman Vilandrie & Company,1 Montgomery St Ste 2350,San Francisco,CA
Tourneur Llc,Tourneur,159 Lexington St #A,San Francisco,CA
Mainzer William/andrea/shelley,Mainzer & Associates,901-905 Cole St,San Francisco,CA
Ellis Brooks Chevrolet Inc,Ellis Brooks Chevrolet,1565 Bush St,San Francisco,CA
Ellis Brooks Chevrolet Inc,Ellis Brooks Used Cars,1565 Bush St,San Francisco,CA
R&r French Bros Inc,French Bros,343 Vermont St,San Francisco,CA
General Electric Co,Ge Aviation Systems Llc,60320 P.o. Box,Fort+myers,FL
General Electric Co,General Electric Company,2 Embarcadero Center,San+francisco,CA
Jacobs Government Services Company,Jacobs Government Services Company,160 Spear St Ste 1200,San Francisco,CA
"Airplane Labs, Inc.",Airplane,1829 15th St Apt 4,San Francisco,CA
Hirsch Ephraim G Etal,Hirsch Associates,Pier 1a,San+francisco,CA
Lilli Ann Corp,Lilli Ann Corp,1010 B St San Rafael 209,San+rafael,CA
J Camera Express Inc,J Camera Express Inc,535 Grand Ave,San Francisco,CA
Serrano Juarez Leticia,Letty Property & Personal Care,1315b Gateview Ave/treasure Island,San Francisco,CA
Isec Partners Inc,Isec Partners Inc,123 Mission St Ste 1020,San Francisco,CA
The Nik-O-Lok Co,Nik-O-Lok Co The,1470 Howard St,San Francisco,CA
Pac Utilities Supply Co,Pacific Utilites Supply Co,1140 Willow Pass Ct,Concord,CA
Patrick & Co,Patrick & Co,1390 Market St,San Francisco,CA
Sisson Dinair P,Dinairspa,170 Columbus Ave Ste 115,San Francisco,CA
"Island Fire Protection, Inc.","Island Fire Protection, Inc.",540 Alamo Dr,Vacaville,CA
Patrick & Co,90 Natoma St Building,90 Natoma St,San Francisco,CA
Bigcommerce Inc,Bigcommerce Inc,501 Folsom St 3rd Fl,San Francisco,CA
"Bottling Group,llc",Pepsi Bottling Group,29000 Hesperian Blvd,Hayward,CA
Spiess Julia B,Edition Ektalux,1656 Golden Gate Ave,San Francisco,CA
Rapp Norman S,Rapp Norm Racing Equipment,5 Cordova St,San Francisco,CA
Lee Kisung,Nina's Cleaners,3151 Mission St,San Francisco,CA
Eng Tommy W,361-365 2nd Av Apts,361 2nd Ave #365,San+francisco,CA
Eng Tommy W,365 2nd Av Apts,365 2nd Ave,San+francisco,CA
Metaxas Antone,3354 Sacramento St Apts,3354 Sacramento St,San Francisco,CA
Metaxas Antone,410 Shoreline St Apt,410 Shoreline,Mill+valley,CA
Cooke Margaret Etal,5098 Mission Bldg,5098 Mission St,San Francisco,CA
Comstock Thurman Co Inc,Comstock Thurman Co Inc,3435 Yale Dr,Santa+rosa,CA
Richard Elaine,283 20th Av Apts,283 20th Ave,San Francisco,CA
Comm & Network Solutions Grp,Computer Network Solutions,657 Mission St Ste 409,San Francisco,CA
Curtiss Sarah J,Grace Art Group,3664 16th St,San Francisco,CA
Yoffie Kwong Elaine,Elaine Kwong Design,131 Knollview Way,San Francisco,CA
Murphy Doris C,795 Vienna Apts,795 Vienna St,San Francisco,CA
Serena L & Joseph,973 Howard St Apts,973 Howard St,San Francisco,CA
Sincerely Tea Inc.,Tea Crush,970 Duncan Street St Apt F204,San Francisco,CA
Adventures Unlimited,Adventures Unlimited,30 Maiden Ln,San Francisco,CA
Stoncor Group Inc,Stoncor Group Inc,99 Maple Shade Nj,Brisbane+q4068,
Koury Samir,1035-1041 Guerrero Apts,1035 Guerrero St,San Francisco,CA
Smith Thomas S,1275 Stanyan Apts,1275 Stanyan St,San Francisco,CA
Moore Carolyn N,"Carolyn Moore, Lcsw",801 Portola Dr Ste 207,San Francisco,CA
Natl Picture Framing Ctrs Inc,Npfc Inc,1547 Pacific Ave,San Francisco,CA
Melissa Nittler,Melissa Nittler,210 Lisbon St,San Francisco,CA
Boboschi Joseph,3652 Mission Apts,3652 Mission St,San Francisco,CA
C Clean Inc,C Clean Janitorial,214 Phelan Ave B,San+francisco,CA
Deng Yilin,Mrcow Construction & Design,32 Holloway Ave,San Francisco,CA
Ibrahim & Jweinat Enterprises,Gold Coast Grill & Catering,1650 Holloway Ave C134,San Francisco,CA
Tarantino Dominic Etal,1630 Polk Rental,1630 Polk St,San Francisco,CA
Joycechild Marian,Joycechild Marian,220 Montgomery St 1081,San Francisco,CA
Joycechild Marian,Marian Joycechild,1902 Webster St 7,San Francisco,CA
Abrams Alcide,1110 Steiner Apts,1110 Steiner St,San Francisco,CA
Anixter Rosalie H,330 8th St Bldg,330 8th St,San+francisco,CA
Lee Sui Tsung & Helen S,5026 California Apartments,5026 California St,San Francisco,CA
Lee Sui Tsung & Helen S,2355-2357 Chestnut St Bldgs,2355 Chestnut St,San Francisco,CA
Lee Sui Tsung & Helen S,258 Collins Apartments,258 Collins St,San Francisco,CA
Lee Sui Tsung & Helen S,4000 Geary Blvd Apts,4000 Geary Blvd,San Francisco,CA
Cloudnoc Inc,Clearscale Managed Services,71 Stevenson St Ste 400,San Francisco,CA
Cloudnoc Inc,Cloudnoc Inc,71 Stevenson St Ste 400,San Francisco,CA
Usrca,Usrca,348 Church St,San Francisco,CA
Photo Philanthropy,Photo Philanthropy,333 Valencia St Ste 251,San Francisco,CA
Research Programming Serv Corp,Audrey Owen Design,569 Buena Vista Ave,San Francisco,CA
Research Programming Serv Corp,Reunion Communications,569 Buena Vista Ave,San Francisco,CA
Sergios Inc,Caffe Roma,885 Bryant St,San Francisco,CA
Passalacqua Duane Etal,2680-2682 Bush Apts,2680 Bush St,San Francisco,CA
White John H.,Jhw Locksmith Station,376 Fillmore St,San Francisco,CA
Artificial Stupidity Inc.,1072 Illinois Street,1072 Illinois Street,San Francisco,CA
Artificial Stupidity Inc.,Artificial Stupidity Inc.,414 Andover St,San Francisco,CA
Suchin Inc,Worth Hotel,641 Post St,San Francisco,CA
Lee Daniel & Susan,Portal Cleaners,181 West Portal Ave,San Francisco,CA
Function Engineering Inc,Function Engineering Inc,109 Stevenson St 6th Flr,San Francisco,CA
Barretto Jonathan M,123 Snapbacks,577 Buckingham Wy,San Francisco,CA
Cen Min Hua,Cen Min Hua,500 Folsom St #413,San Francisco,CA
Transbay Design Build Llc,Transbay Design Build Llc,1800 Prince St,Berkeley,CA
C&h Home Construction,C&h Home Construction,2000 Oakdale Ave,San Francisco,CA
Liu Elizabeth W,Transworld Realty & Develop Co,1178 Folsom St,San Francisco,CA
Starwood Hotels & Resorts,Trace Restaurant,181 3rd St,San+francisco,CA
Homelending Company Inc,Home Lending Company,180 Redwood St 325,San Francisco,CA
Haileselassie Wolde,Shoulder Dancing Authentic Ethiopian Foods,629 Fulton St,San Francisco,CA
Homelending Company Inc,Home Lending Company,601 Van Ness Ave,San Francisco,CA
Reed Mariko M,Mariko Reed,78 Buchanan St Apt 502,San Francisco,CA
Liang Ziyang,Young Violins,620 7th Ave,San+francisco,CA
Avis Caravello Attrny Srch Llc,Avis Caravello Attrny Srch Llc,188 South Park 3,San Francisco,CA
Katz Karen,Karen Katz,41 Milton St,San Francisco,CA
Photo Philanthropy,Catchlight,1150 25th St,San Francisco,CA
A & M Petroleum Corporation,Bayshore 76,975 Bayshore Blvd,San Francisco,CA
A & M Petroleum Corporation,Double A 76,301 25th Ave,San Francisco,CA
Kanodia Meghan,Svelte Metals,2121 Webster St Unit 10,San Francisco,CA
Triptych Strength Training Llc,Triptych Strength Training Llc,47 Rebecca Lane Ln,San Francisco,CA
Atlas Peak Capital Mngmnt Llc,Atlas Peak Capital Mngment Llc,400 Montgomery St Ste 900,San Francisco,CA
Homelending Company Inc,Home Lending Company,180 Redwood St 350,San Francisco,CA
Show Services Llc,Show Services Llc,920 E. Highway,Springtown,TX
Hsu Richard Y & Lillian L,2575 Washington St Apartments,2575 Washington St,San Francisco,CA
Priola George T,606 Oak Apartments,606 Oak St,San Francisco,CA
Bon Appetit Management Co,Bon Appetit@usf,2495 Golden Gate Ave,San+francisco,CA
Bon Appetit Management Co,Tony's Pizza South 300,1 Warriors Way Lvl 300 West,San Francisco,CA
Byrne James M,Byrne James M Law Offices Of,1374 Pacific Ave,San Francisco,CA
Stuermer Marcia R,Fossil Faux Studios,1268 Folsom St,San Francisco,CA
Lehmann Michael B,Lehmann Letter The-Be Your Etc,1855 8th Ave,San+francisco,CA
Dang Kim B,Dang Kim B - Dds,2000 Van Ness Ave Ste 203,San Francisco,CA
Mccormick Thomas E,433 Randolph Apts,433 Randolph St,San Francisco,CA
Mccormick Thomas E,1910-1914a Folsom Apts,1910 Folsom St,San Francisco,CA
Mccormick Thomas E,528 27th St Apts,528 27th St,San Francisco,CA
Bon Appetit Management Co,Bon Appetit @ Uber,1725 3rd St 5th,San+francisco,CA
Leeds Robert,Robert Leeds Woodworking,20 Highland Ave,San Francisco,CA
Turner George N,Control Technology Co,P O Box 271805 Concord Ca,Mexico,
Micro Motion Inc,Micro Motion Inc,7070 Winchester Cir,Boulder,CO
Kimmel David-Baumelgruen Isaa,Normandy Apartments,1155 Ellis St,San Francisco,CA
Tennant Sales And Service Co,Tennant Sales And Service Co,701 Lilac Dr,Minneapolis,MN
Perez Carlos M,Carlos Perez,119 Knowles Ave 3,Daly+city,CA
"Brightmark Energy Holdings, Llc","Brightmark Energy, Llc",235 Pine St Ste 1100,San Francisco,CA
Ncc Group Domain Services Inc,Ncc Group Domain Services Inc,123 Mission St Ste 900,San Francisco,CA
Ncc Group Domain Services Inc,Artemis Internet Inc,123 Mission St Ste 1020,San Francisco,CA
"The Wagmore Inn, Inc.",Fog City Dog Lodge,2280 Shafter Ave,San Francisco,CA
Microbiz Service Company,Microbiz,444 Jessie St,San Francisco,CA
Microbiz Service Company,Microbiz Security Company,444 Jessie St,San Francisco,CA
Zaracotas Tim,Aster Travel Agency Inc,1961 Ocean Ave,San Francisco,CA
Kemby Linda A,Kembytv,1550 Bay St Apt 414,San Francisco,CA
Effective Systems Inc,Effective Systems Inc,146 Galewood Cir,San Francisco,CA
Bellcore Constr Inc,"Bellcore Construction, Inc.",152 Kennedy Ave Bldg B,Campbell,CA
Serviceware Inc,Serviceware Inc,2455 Autumnvale Dr,San+jose,CA
Wakely David W,Wakely David Photography,544 Vermont St,San Francisco,CA
Genauzeau Dominique Maxime,Dmg Dis Moi Gargon,1231 Green St,San Francisco,CA
Sprint United Management Co,Sprint,Ca Ca Remote Worksite,Sacramento,CA
"Fig Health, Inc.","Fig Health, Inc.",388 Market St Ste 1300,San Francisco,CA
Catholic Charities Arch Sf,Catholic Charities Cyo,1111 Junipero Serra Blvd,San Francisco,CA
Peterson & Peterson,Peterson & Peterson,769 Monterey Blvd,San Francisco,CA
Peterson & Peterson,2411 Octavia St Apts,2411 Octavia St,San Francisco,CA
Lai Bryon,1271-1277 Vallejo Apt,1271 Vallejo St,San Francisco,CA
Delano Nursery Inc,Delano Shop,3289 Mission St,San Francisco,CA
Nubro Inc-Brojo A Ltd Partnrs,Staceys - 1804,581 Market St,San Francisco,CA
Garro Angelo,Omnivore Llc,47 Juniper St,San Francisco,CA
Garro Angelo,Renaissance Forge,47 Juniper St,San Francisco,CA
Tony Flores,Flores Plumbing,2658 Kelly St. St Bldg,Hayward,CA
1life Healthcare,1life Healthcare,355 Clay - 1 Embarcadero Center  Fl 17-19,San Francisco,CA
Kaller James L,Kaller James Lance Law Offices,456 Montgomery St 20,San Francisco,CA
Leonard T Crotty,Ltc Fintech Consulting,2270 Point St Apt 6,San Francisco,CA
Pacific Partners,2060 Pacific Apts,2060 Pacific Ave,San Francisco,CA
Birsinger Charlotte C Tr,3910-3918 Fulton St Apartments,3910 Fulton St,San Francisco,CA
Meyer & Meyer,1580 Custer Av Building,1580 Custer Ave,San Francisco,CA
Bay Area Brazilian Club,Friends Of Brazil,48 Sussex St,San Francisco,CA
Futton Inc,Futton Inc,555 California St 4925,San Francisco,CA
Steel Blue Llc,Steel Blue Llc,594 Howard St 300,San Francisco,CA
Bay Area Brazilian Club,The Bay Area Brazilian Club,48 Sussex St,San Francisco,CA
Okay Inc,Mp Design,221 Clara St Apt 2,San Francisco,CA
Fong Jim M,Place Architecture & Design,1247 Taylor St,San Francisco,CA
Abbott Laboratories Inc,Abbott Laboratories Inc,100 Abbott Park Rd,Abbott+park,IL
Lewis Andrew K,Prop House The,80 Industrial Way,San+francisco,CA
Founded Inc,Founded,471 Jessie St Unit A,San Francisco,CA
Storer A/storer M/vu K/hernandez Soto A,Exforma Architecture & Engineering,866 Broadway,San Francisco,CA
Opera Plaza Lp,Opera Plaza Lp,601 Van Ness Ave Ste 2043,San Francisco,CA
Lucy Hudson,Lean And Mean Productions,885 25th Ave Apt 202,San Francisco,CA
Mccormick Thomas E,2910 San Bruno Av Apts,2910 San Bruno Ave,San Francisco,CA
Mccormick Thomas E,501 Duncan Apts,501 Duncan St,San Francisco,CA
Kawahara Saichi,Kapalakiko Music Art & Craft P,330 Leland Ave,San Francisco,CA
Kawahara Saichi,Kapalakiko Music Art & Craft,800 Meade Ave,San Francisco,CA
Henderson Joe,Pacific Hauling,1166 Gilman Ave,San Francisco,CA
Sequoia Brass & Copper Inc,Sequoia Brass & Copper Inc,P O Box 4661 Hayward Ca,Hayward,CA
In-Language Radio Inc,In-Language Radio Inc,342 Day St,San Francisco,CA
Efrain Perez,Waho Builder,260 San Pedro Ave,Pacifica,CA
Steel Blue Llc,Steel Blue Llc,580 Howard St  Unit 204,San Francisco,CA
826 National Inc,826 National Inc,44 Gough St #206,San Francisco,CA
Ortiz Juan M,J O Roofing Co,1499 Van Dyke Ave,San Francisco,CA
Wahlberg Investments Llc,Wahlberg Investments Llc,3360 Scott St,San Francisco,CA
Milica Barjaktarovic,Milica Barjaktarovic,Au  Apt 304,Waialua,HI
Nhi Acquisition Holding Inc,Instinet,150 California St 1100,San Francisco,CA
Kiyonobu Agarie,Sushi Urashima,149 Noe St,San Francisco,CA
Meyer & Meyer,170 Quint St Building,170 Quint St,San Francisco,CA
Oak Street Laundry Services Llc,Oak Street Laundry Services Llc,1130 Oak St,San Francisco,CA
Krieger Management Corporation,Krieger Management Corp,2000 Van Ness Ave Ste 500,San Francisco,CA
Injayan Steven,Injayan & Co,210 Post St,San Francisco,CA
Lam Esther,1451/1461 Pacific Apts,1451 Pacific Ave,San Francisco,CA
Hughes Francis J & Elvira D,108-114 Walnut Apts,108 Walnut St,San Francisco,CA
Femc Inc,Far East Mortgage Co,388 9th St Ste 201,Oakland,CA
Heagy James & Jayne,Heagy James H,P O Box 194370 S F,San+francisco,CA
1life Healthcare,1life Healthcare,130 Sutter St Fl 2,San Francisco,CA
Chin Him Hai,3-5 Varennes Apts,3 Varennes St,San Francisco,CA
Better Place International Inc.,Better Place Forests Co,2104 Union St,San Francisco,CA
Better Place International Inc.,Better Place Forests Co,3717 Buchanan St Ste 400,San Francisco,CA
Better Place International Inc.,Better Place International Inc.,2104 Union St,San Francisco,CA
Better Place International Inc.,Better Place International Inc.,535 Mission St Fl 14,San Francisco,CA
Chris Conn,Chris Conn General Contractor,3883 Volcanoville Rd,Georgetown,CA
Mccormick Thomas E,524 27th St Apts,524 27th St,San Francisco,CA
Andrews Assocaties Inc,Andrews Associates Inc,601 Montgomery St 2000,San Francisco,CA
Candau Pierre,1550/1552 20th Av Apts,1550 20th Ave,San Francisco,CA
Atzeff Koche,2294 Filbert Apts,2294 Filbert St,San Francisco,CA
Levinson Family Revoc Trust,1646 Sutter Apts,1646 Sutter St,San Francisco,CA
Giomi Aldo & Kealey Bernard,2332 Jones St Apts,2332 Jones St,San Francisco,CA
Howard Properties,Howard Properties Inc.,355 Hayes St,San Francisco,CA
Howard Properties,1155 Indiana Building,1155 Indiana St,San Francisco,CA
Tracy Lee,169-12th Ave.,76 Hacienda Dr,Tiburon,CA
"Casa Latinamarket,inc","Casa Latina Market,inc",3020 16th,San Francisco,CA
Mccombs John N,Allens Press Clip Bureau,657 Mission St 602,San Francisco,CA
British Motor Car Dist Ltd,British Motor Car Dist Ltd,901 Van Ness Ave,San Francisco,CA
British Motor Car Dist Ltd,Pagani San Francisco,999 Van Ness Ave,San Francisco,CA
Busuttel Joseph F,3615 19th St Apts,3615 19th St,San Francisco,CA
"Brocato Keenan Prop Group, Llc",2395 Francisco Street,2395 Francisco St,San Francisco,CA
Bartfeld Bruce,Bartfeld Sales Company,140 14th St,San Francisco,CA
Wong Frank Etal,138-142 Trenton Apts,138 Trenton St,San Francisco,CA
Schainsinger Family Trust 198,54-60 West Portal Av Building,54 West Portal Ave,San Francisco,CA
Abbott Corp,1045 Sansome Bldg & Parking,1045 Sansome St,San Francisco,CA
E I Du Pont De Nemours & Co,E I Dupont De Nemours & Co,2755 Franklin St Apt 6,San Francisco,CA
Salvation Army The,Salvation Army The,3550 Cesar Chavez,San Francisco,CA
Catholic Charities Arch Sf,Catholic Charities Cyo,801 Jessie St,San Francisco,CA
Catholic Charities Arch Sf,Catholic Charities Cyo,750 33rd Ave,San Francisco,CA
Catholic Charities Arch Sf,Catholic Charities Cyo,66 9th St,San+francisco,CA
Catholic Charities Arch Sf,St. Josephs Family Shelter,899 Guerrero St,San Francisco,CA
Hennefer James A,Hennefer James A-Law Office Of,275 Battery St #200,San Francisco,CA
Bach-Y-Rita George B,"George Bach-Y-Rita, Md",545 Lake St,San Francisco,CA
Kim Thomas & Yong-Hui,Safeway Building Inspection,378 Monticello St,San Francisco,CA
Kim Thomas & Yong-Hui,Safeway Plumbing,2900 Judah St,San Francisco,CA
Kawahara Saichi,Kapalakiko Hawaiian Band,800 Meade Ave,San Francisco,CA
Leung Yiu P,Tai Shan Construction,619 Guadalupe Ave,Millbrae,CA
Wong Doc-Fai,1351 Taraval Street Apartments,1351 Taraval St,San Francisco,CA
Maria E. Pineda,Emma,2763 Mission St,San Francisco,CA
Wong Doc-Fai,Doc-Fai Wong Center Etc,925 Taraval St,San Francisco,CA
Gee Gene W & Lily,424 44th Av Apts,424 44th Ave,San Francisco,CA
The Reynolds And Reynolds Co,The Reynolds And Reynolds Co,P O Box 2608 Dayton Oh,Brisbane+q4068,
Domergue Robert F Jr,Domergue Robert F & Co,100 Columbus Ave,San Francisco,CA
Urban Land Services Of Cal,Urban Land Services Of Cal,611 Washington St 2204,San Francisco,CA
Lee Theodore B Katsurn Apts,Katsura Apts,1881 Sutter St,San Francisco,CA
Blazej Rosalie R,1943 Page St Apts,1943 Page St,San Francisco,CA
Bon Appetit Management Co,Tanduay Portable Bar 300,1 Warriors Way Lvl 300 North East,San Francisco,CA
Leshchenko Anatoliy,Lancompro,4930 California St,San Francisco,CA
Oakley James,Jim Oakley Mft,538 Hayes St,San Francisco,CA
R. S. Hughes Company Inc,Hughes R S Co Inc,7303 Edgewater Dr Oakland Unit B,Oakland,CA
U-Haul Corp Of California,U-Haul Of California,100 Valencia St,San Francisco,CA
Wong Manton E,Transpacific Realty Co,1431 Clement St,San Francisco,CA
U-Haul Corp Of California,U-Haul Of California,500 Paul Ave,San Francisco,CA
Fitzpatrick Neil J & Judith,1218-1220 2nd Av Bldg,1218 2nd Ave,San+francisco,CA
Fitzpatrick Neil J & Judith,461 Noe St Apts,461 Noe St,San Francisco,CA
Yee Shew Tone,1-5 Lowell Apts,1 Lowell St,San Francisco,CA
Chan Jay,Js Plumber,2423 37th Ave,San Francisco,CA
Weber Marc A,Arcas,4653 19th St,San Francisco,CA
Us Prime Contractor Inc,Matrix Seismic Group,1601 Bayshore Hwy.  344,Burlingame,CA
Us Prime Contractor Inc,Matrix Seismic,1601 Bayshore Hwy.  344,Burlingame,CA
Lau Helen L,819/827 Union Rentals,819 Union St,San Francisco,CA
Chow Edward A,Chow Edward A Md,P O Box 31220 San Fran,San+francisco,CA
Ng Jennie,717 Vallejo Bldg,717 Vallejo St,San Francisco,CA
Ng Jennie,2412-2420 Jones Apts,2412 Jones St,San Francisco,CA
U-Haul Corp Of California,U-Haul Of California,1525 Bryant St,San Francisco,CA
Gros-Balthazard Andre E,250 Hartford St Apts,250 Hartford St,San Francisco,CA
Bon Appetit Management Co,Budweiser West Club Bar 200,1 Warriors Way Lvl 200 West,San Francisco,CA
Pierce Mark L,Pierce Mark Architect,3320 21st St,San Francisco,CA
Weber Marc A,Arcady,4653 19th St,San Francisco,CA
Furue Teresa,Furue,210 Post St Ste 1009,San Francisco,CA
Waldman Fam Llc/berguig Fam Pt,Rohnert Park Investors,459 Fulton St Ste 307,San Francisco,CA
Pitney Bowes Inc,Pitney Bowes,555 Hawthorne St,San+francisco,CA
David Seawell,David Seawell,855 Brannan St Apt 647,San Francisco,CA
Concept Kismet Llc,Phonobar,370 Grove Street,San Francisco,CA
Eliopoulos John,Uptown Cleaners,1912 Market St,San Francisco,CA
"Young's Market Company, Llc","Young's Market Company, Llc",14402 Franklin Avenue,Tustin,CA
Facebook Inc,"Facebook, Inc.",250 Howard St Fl 29th,San Francisco,CA
Facebook Inc,"Facebook, Inc.",250 Howard St Fl Fl 40,San Francisco,CA
Quan Family Trust,1073 Bush Apts,1073 Bush St,San Francisco,CA
Won Hall,1219 8th Av Apts,1219 8th Ave,San+francisco,CA
Solden Jeffrey,1353 20th Av Apts,1353 20th Ave,San Francisco,CA
Gaitan Walter,Gaitan Construction,3816 Balboa St,San Francisco,CA
Dolores St Community Services,Dolores St Community Services,938 Valencia St,San Francisco,CA
Lee Youn B,Kobuksan Construction,168 Collins St,San Francisco,CA
Yee Mei Har Chin Etal,1418 Leavenworth Apts,1418 Leavenworth St,San Francisco,CA
Lee Arthur & Linda,1459 Jones Apts,1459 Jones St,San Francisco,CA
Dignity Health,St Mary's Medical Center,450 Stanyan St,San Francisco,CA
Dignity Health,St Marys Hospital & Med Cntr,1 Shrader St,San Francisco,CA
Dignity Health,St Marys Hospital & Med Cntr,2250 Hayes St,San Francisco,CA
"Skyselect, Inc.","Skyselect, Inc.",535 Mission St Fl 14,San Francisco,CA
Dignity Health,St Marys Hospital & Med Cntr,1 Shrader St,San Francisco,CA
Chan Ralph,636 Hyde Apts,636 Hyde St,San Francisco,CA
Mujosh Sf Inc,Mujosh Sf Inc,865 Market St Unit 300,San Francisco,CA
Ng Jennie,365 - 3rd Ave Apts,365 3rd Ave,San+francisco,CA
Hewett Athena,Ellen And Reiko Inc,4077 24th St #A,San Francisco,CA
Cathy Labs Inc,Compaas,44 Montgomery St,San Francico,CA
"Bay Tint, Inc",Bay Tint,60 29th St 548,San Francisco,CA
Abbott Corp,Abbott Corp,1045 Sansome St,San Francisco,CA
Cerruti Theodoro L Etal,5317 Mission Bldg,5317 Mission St,San Francisco,CA
Barberini L & K-Mcdowell V &,451-457 Locust Apts,451 Locust St,San Francisco,CA
Nicolai Judithe,Photographie,2269 Chestnut St #237,San Francisco,CA
Fraige Richard,Hayes Valley Properties,555 Grove St,San Francisco,CA
Econolite Control Products Inc,Econolite Control Products Inc,1933 Davis St Ste 220,San+leandro,CA
Wong Raymond,Raymond Wong,111 Beverly St,San Francisco,CA
Physio Control Corp,Medtronic Physio-Control Corp.,P O Box 97006 Redmond Wa,Brisbane+q4068,
One Medical Group Inc,One Medical Group,2410 California St,San Francisco,CA
Bouillon Llc,Bouillon Llc,300 Precita Ave,San Francisco,CA
Gregory Samoulides,Embellish Home Staging And Design,530 Chestnut Street #302,San Francisco,CA
Walgreen Co,Walgreens #04492,33 Drumm St,San Francisco,CA
Walgreen Co,Walgreens #13583,901 Hyde St,San Francisco,CA
Brusa David,Love Joan M Bookkeeping,2039 Taraval St,San Francisco,CA
Yong Kee Co Inc,Yong Kee Company Inc,916 Clement St,San Francisco,CA
Levinson Family Revoc Trust,1861 Hyde St Apts,1861 Hyde St,San Francisco,CA
Ahlstrom Amy,Amy Ahlstrom,1246 Folsom St,San Francisco,CA
Levinson Family Revoc Trust,600 Fell St Apts,600 Fell St,San Francisco,CA
Anixter Rosalie H,301/335 8th St Bldg,301 8th St,San+francisco,CA
Starwood Hotels & Resorts,Xyz Restaurant,181 3rd St,San+francisco,CA
Ahlstrom Amy,Amy Ahlstrom,1777 Yosemite Ave,San Francisco,CA
Beliso Karate School Inc,Beliso Karate School Inc,3342 Cesar Chavez,San Francisco,CA
Ronnie L Dallas Jr,415accounting.com,2261 Market St Unit 39,San Francisco,CA
Imperial Parking (Us) Llc,Impark,401 Terry Francois St,San+francisco,CA
Nina Jung,Your Recovery Project,3638 Sacramento St,San Fransisco,CA
Weber Marc A,R B Translations,4653 19th St,San Francisco,CA
Thomas Donald,Hitrecords,70 Bernal Heights Blvd,San Francisco,CA
Essence Metals Llc,Essence Metals Llc,320 Via Del Norte,Oceanside,CA
Ibrahim Aldabashi,Bright Magic Cleaning Services,235 Harbour Way S St,Richmond,CA
Nina Jung,The Garden,3638 Sacramento St,San Fransisco,CA
Alvarado Kathleen B,Law Offices/kathleenb Alvarado,555 California St 4925,San Francisco,CA
Emily Meinhardt,Studio Hardt,168 Jersey St,San Francisco,CA
Isensee Rik,"Rik Isensee, Lcsw",533a Castro St,San Francisco,CA
Chelsea Belle Roedel,Chelsea Belle Roedel,1259 Oak St Apt 2,San Francisco,CA
Isensee Rik,Rik Isensee Lcsw,533 Castro St,San Francisco,CA
Branding Science Int'l Llc,Branding Science Int'l Llc,408 Jackson St,San Francisco,CA
Facebook Inc,"Facebook, Inc.",250 Howard St Fl 29th,San Francisco,CA
Underwood Associates,Underwood Associates,1320 Underwood Ave,San Francisco,CA
Branding Science Int'l Llc,Branding Science Int'l Llc,530 Bush St,San Francisco,CA
Yee Daniel C,2300 Taraval St Apt,2300 Taraval St,San Francisco,CA
Hitchcock Charles D,Mission Wood Products Inc,27 Paul Dr,Brisbane+q4068,
Sarkissian Hryre S,Hs Fine Jewelry,888 Brannan St 133,San Francisco,CA
Tom James & Janice,5930 California Apts,5930 California St,San Francisco,CA
Apple Nathan,Wizard Construction,1265 Van Dyke Ave,San Francisco,CA
Pak Oriental Rug Inc,Pak Oriental Rug Inc,680 8th St Ste 159,San+francisco,CA
Brady Air Conditioning Inc,Brady Air Conditioning Inc,338 Canal St Ste 5,S+san+fran,CA
Coherent Inc,Coherent Inc,P O Box 54980 Santa Clara,Brisbane+q4068,
Hardison Perry R,Roll Out Shelves,1799 10th Ave,San Francisco,CA
Sweeney James M,Gameday Sportswear,129 Granville Way,San Francisco,CA
Perasso C & D & Goria C,715 Brannan St Building,715 Brannan St,San Francisco,CA
Kyber Jensen,Pottery Barn,151 Union St,San Francisco,CA
Facebook Inc,"Facebook, Inc.",250 Howard St Fl 34th,San Francisco,CA
Mckinley Stores Inc,189 Parnassus Apts,189 Parnassus Ave,San Francisco,CA
Driggers Lon,3841 19th St Apts,3841 19th St,San Francisco,CA
Settlemier B R,Bigge Crane & Rigging Co,P O Box 1657 San Leandro Ca,Brisbane+q4068,
Maria Diaz,Diaz House Cleaning,Visitacion Ave,Brisbane,CA
Wong Miguel-Angelo Etal,430 Lake Apts,430 Lake St,San Francisco,CA
Desfosses Claudia Rose,Ad-Lib,148 Benton Ave,San Francisco,CA
Mckenzie Gary B,Mckenzies Custodian Mtce Svc,2974 Birmingham Dr,San+pablo,CA
Mckenzie Gary B,Music Establishment,2974 Birmingham Dr,Richmond,CA
Low Jobie H,Low Jobie Hofei - D D S,26 West Portal Ave,San Francisco,CA
Alvarez Ascension D,Eco Janitorial Inc,207 Augusta St,San Francisco,CA
Handshake Ltd,Handshake Ltd,728 Clipper St,San Francisco,CA
Everstream Energy Capital Mgmt Llc,Everstream Energy Capital Mgmt Llc,101 California St 3150,San Francisco,CA
Avalon Hayes Valley,Avalon Hayes Valley,325 Octavia St,San Francisco,CA
Mission Bay North,Mission Bay North,255 King St,San Francisco,CA
Century Theatres Inc,Empire Theatre,85 West Portal Ave,San Francisco,CA
Mission Bay North 3,Mission Bay 3,383 King St,San Francisco,CA
Avalon Bay Communities Inc,Avalon At Nob Hill,965 Sutter St,San Francisco,CA
Bank Of America Na,"Bank Of America, National Association",302 Folsom Ave,San Francisco,CA
Schevene George M,Rose Gold Society -- Oakland,976 23rd Ave,Oakland,CA
Avalon Sunset Towers,Avalon Sunset Towers,6 Locksley St,San Francisco,CA
Eaves Diamond Heights,Eaves Diamond Heights,5235 Diamond Heights Blvd,San Francisco,CA
Ava Nob Hill,Ava Nob Hill,840 Post Rd,San Francisco,CA
Mission Bay North,Avlon Mission Bay North (Bldg 0t1),255 King St,San Francisco,CA
Mission Bay North 3,Avalon At Mission Bay Phase Iii (Bldg 00m),353 King St,San Francisco,CA
Mission Bay North 3,Avalon At Mission Bay Phase Iii (Bldg 00l),353 King St,San Francisco,CA
Avalon Ocean Avenue,Avalon Ocean Avenue,1150 Ocean Ave,San Francisco,CA
Avalon Hayes Valley,Avalon Hayes Valley,400 Laguna St,San Francisco,CA
San Francisco Vein And Vascular Institute Llc,San Francisco Vein And Vascular Institute Llc,1 1 Daniel Burnham Ct Ste 205c,San Francisco,CA
Tran Hoang T,Dt Printing,180 Channi Loop,Danville,CA
Egelman International Ltd,Egelman International Ltd.,520 Foerster St,San Francisco,CA
Gonzales Sabino T,2216 Pine Apts,2216 Pine St,San Francisco,CA
Kiem Barbara & Bertha,725 Buena Vista Apts,725 Buena Vista Ave,San Francisco,CA
Louie Stanley K & Phyllis,2521 Judah Street,2521 Judah St,San Francisco,CA
Mahony Ann,Mahony Interior-Graphic Design,900 Chestnut St,San Francisco,CA
Ross James & Virginia,J & G Upholstery,3231 Balboa St,San Francisco,CA
Boonyaratanakornkit Anupong,Bangkok Importers-Exporters Co,624 6th Ave,San+francisco,CA
Horn Maria Wang,1849 Page Apts,1849 Page St,San Francisco,CA
Realm Communications Group Inc,Realm Communications Group Inc,840 Yosemite Way,Milpitas,CA
Christopher Berini,Views On Potrero,515 Vermont Street,San Francisco,CA
Propark America West Llc,Pro Park America West Llc,222 Kearny St,San Francisco,CA
Murer Klaus,Murer Klaus,370 Sutter St,San Francisco,CA
Benton Fletcher C Ii,Fletcher Benton Studio,250 Dore St,San Francisco,CA
Flinton Charles A,San Francisco Forensic Institu,870 Market St Ste 1107,San Francisco,CA
Great Wall Investment America Llc,Pink Pink Tea Shoppe,845 Market St Ste Fe11,San Francisco,CA
Coderpad Inc.,Coderpad Inc.,995 Market St 225,San Francisco,CA
Gerrie Patricia L,Pattie Gerrie Skincare Forever,4220 26th St,San Francisco,CA
Blomberg Window Systems,Blomberg Window Systems,P O Box 22485 Sacramento Ca,Brisbane+q4068,
Aaa Flag & Banner Mfg Co Inc,Aaa Flag & Banner Mfg Co Inc,113 10th St,San Francisco,CA
Terminix International Co Lp,Terminix International Co Lp,32980 Alvarado Niles Rd Ste 826,Union+city,CA
Oda-Wg Inc,Wcg Ventures,60 Francisco St,San Francisco,CA
Ip Wing Keung & Koon Shuk Mei,Meranda Dry Cleaning,1364 Church St,San Francisco,CA
Parata Systems Inc,Parata Systems Inc,2600 Meridian Pkwy #100,Durham,NC
Bertuccelli Victor G,True Tech Communications,47 Joy Ave Apt D,Brisbane,CA
Meredith Shabow,Saucy Bandits Llc,1501 Cortland Ave,San Francisco,CA
Propark America West Llc,Propark,280 Spear St,San Francisco,CA
Essadiki Abdeljalil,City Exress Limousine Service,1499 Bayshore Hwy 224,Hillsborough,CA
Financial Resources Group Inc,Robert Thorpe Enterprises Llc,750 Bay St #3,San Francisco,CA
Propark America West Llc,Propark America West Llc,210 Ellis St,San Francisco,CA
Flowers Loma K,Flowers Loma K Md,1670 Plymouth Ave,San Francisco,CA
Paramount Ocean Products Inc,Paramount Ocean Products Inc,327 Parker Ave,San Francisco,CA
Indart Jean & Josette,750 Bacon Apts,750 Bacon St,San Francisco,CA
Kin Keung Lee + Anita Lee,United Dba #432,187 Clearfield Dr,San Francisco,CA
Ng Ronald,Ng Ronald Dr Optometrist,1550 Pacific Ave,San Francisco,CA
Scardina Anthony Etal,3445 California Bldg,3445 California St,San Francisco,CA
Sung Steven M,Steve's Jewelry,4688 P.o. Box,Foster+city,CA
Mindermann John W,Ames Alley Press,1559 Sloat Blvd #173,San Francisco,CA
Uribe Carey D,Ace Specialtys Use Dean To Clean,7801 Crest Ave,Oakland,CA
Tef-Hobstetter Jv,Tef-Hobstetter Jv,1420 Sutter St 2nd,San Francisco,CA
Young Erika L,Erika Young,1655 25th Ave Apt,San Francisco,CA
Andrews Harry H,Andrews And Co,624 Post St,San Francisco,CA
Salomone Edward E,1690 Evans Property,1690 Evans Ave,San Francisco,CA
Fiedler Denise,Paste,438 Avila St,San Francisco,CA
Nayelli Dennise Cervantes,Nayelli Dennise Cervantes,381 Guerrero St,San Francisco,CA
483 Broadway Llc,483 Broadway Llc,483 Broadway,San Francisco,CA
Meghan Berman,Berman Houseplants,1395 22nd Street  844,San Francisco,CA
Benjamini Inc,Benjamini Associates Inc,720 York St 114,San Francisco,CA
Benjamini Inc,Benjamini Inc,720 York St 114,San Francisco,CA
Benjamini Inc,Benjamini Inc,720 York St,San Francisco,CA
Benjamini Inc,Benjamini Associates Inc,720 York St Ste 114,San Francisco,CA
Makita Usa Inc,Makita Usa Inc,14930c Northamst La Miranda Ca,La+mirada,CA
Mceachron Assoc Architects In,Mceachron  Architects Inc,100 Edgewood Ave,San Francisco,CA
Cruz Fernando,Cruz Ortega,1536 Ursula Way,E+palo+alto,CA
Jordan Fierro,Vrspirit.click,8 Dakota St,San Fransisco,CA
Petru Construction Inc.,Petru Construction Inc.,3654 El Dala Ln,Sacramento,CA
Foundoulis George W,2291-2299 Green Apts,2291 Green St,San Francisco,CA
Ona Watley,Glamour 8 Hair Studio,1538 Pacific Ave Ste 116,San Francisco,CA
Kennedy Lawrence & Gerald Eta,5900 Mission Bldg,5900 Mission St,San Francisco,CA
Arnold Dong,3030 Broderick St Apts,3030 Broderick St,San Francisco,CA
Exforma Design Incorporated,Exforma Design,2024 Powell Street,San Francisco,CA
Emmert Rhonda L Dc,Dr Emmert Chiropratic Offices,399 Arguello Blvd,San Francisco,CA
Cheung Jennifer C,Urban Refuge,414 Jackson St Ste 207,San Francisco,CA
Cheung Jennifer C,Jennifer C Cheung,443 Waller St,San Francisco,CA
Wfbm Llp,Sf Office Location,1 Sansome St Ste 1800,San Francisco,CA
Green Susan T,Susan T Green-Chiropractic,605 Chenery St,San Francisco,CA
Dintcho Anthony S,Dintcho Anthony S Dpm,2477 Chestnut St,San Francisco,CA
Hannah Klingberg,Hannah's Art,530 Brannan St Apt 406,San Francisco,CA
Red Bay Coffee Company Inc.,"Red Bay Coffee Company, Inc.",3136 International Blvd,Oak,CA
Dnp Group Inc,Dnp Group Inc,757 36th Ave Apt 302,San Francisco,CA
Chela Terry,The Motherland,209 Lincoln Way,San Francisco,CA
"Porven, Ltd.",Porcelanosa Usa,25 Division Street St Ste 113,San Francisco,CA
Hannah Werthman,Sprigs Of Hazel,1983 17th Ave,San Francisco,CA
Kenny Choi,Ken K. Choi Cpa,1783 27 Th Ave,San Francisco,CA
Osterhout Group Inc,Osterhout Design Group,2 Clarence Place 9,San Francisco,CA
Lawrence Michael,Michael Lawrence Company,1755 Quesada Ave,San Francisco,CA
Facebook Inc,"Facebook, Inc.",250 Howard St Fl 40th,San Francisco,CA
Shek Hon&kwai Ping Tammy T Ng,1808 47th Ave Apts,1808 47th Ave,San Francisco,CA
Rizzo Mario W,Market Street Podiatry Group,15 West Portal Ave,San Francisco,CA
Hart Gerald K,Hart Productions,780 Bryant St,San Francisco,CA
Moore Leighton P,Parker Moore Design,375 Perkins St 1,Oakland,CA
Ichiban Kan Inc,Ichiban Kan,22 Peace Plz Ste 540,San+francisco,CA
Joanie's Diner Inc,"Joanie's Diner, Inc",1329 Columbus Ave,San Francisco,CA
"Forward Management, Llc","Forward Management,llc",101 California St Ste 1600,San Francisco,CA
Gallegioni Ermanno,Gallegioni Ermanno Paint Etc,3118 Gough St,San Francisco,CA
Monetta Bernard,2528-2536 Ocean Bldg,2528 Ocean Ave,San Francisco,CA
Peanut Wagon Inc,The Cliff House Restaurant,1090 Point Lobos Ave,San Francisco,CA
Lmn Architects - Tom Eliot,Lmn Architects - Tom Eliot,1420 Sutter St Fl 2,San Francisco,CA
Kenkay Associates,"Kayvictor, Inc.",329 Bryant St Ste 1c,San Francisco,CA
Wong Manton E,Wong Manton E Cpa,337 7th Ave,San+francisco,CA
Sterling M Enterprises Inc,Lees Deli,235 Montgomery St,San Francisco,CA
Kittlitz Linda G,Linda Kittlitz & Associates,193 Coleridge St,San Francisco,CA
Lee Wayne Y,331 Willard St North Apts,331 Willard St,San Francisco,CA
Tran Hiep T Etal,Sunset Dental Laboratory,2438 Judah St,San Francisco,CA
John Each Griffin,Schoolclean,1450 Sutter St Unit 332,San Francisco,CA
Capurro Properties Series A,1750 Polk,1750 Polk,San Francisco,CA
Julio Martir,Jm Cleaning Services,1909 San Jose Ave,San Francisco,CA
"Mission Rock Parcel A, L.l.c.","Mission Rock Parcel A Owner, L.l.c.",1 Bush St Ste 500,San Francisco,CA
Jake Secker,Jfs Home Improvement,3027 22nd Street St Apt 3,San Francisco,CA
Parospon Saelee,Emerald Seaside,4830 Mission St.  104,San Francisco,CA
"Moesif, Inc","Moesif, Inc",25 Guerrero St Apt 302,San Francisco,CA
Club Puertorriqueno De Sf,Club Pertorriqueno Of Sf Inc,3249 Mission St,San Francisco,CA
Club Puertorriqueno De Sf,3249 Mission Bldg,3249 Mission St,San Francisco,CA
Mercedes Johnson,Fulfillingsnacks Llc,101 Dakota St,San Francisco,CA
"Wilson Hill Management, Llc","Wilson Hill Management, Llc",2412 Gough St,San Francisco,CA
Xenia Vega,Xeniahousecleanig,137 Porter St Apt 137,San Francisco,CA
Shinazy Enterprises Inc,Dons Auto Body On Clement St,2535 Clement St,San Francisco,CA
Shinazy Enterprises Inc,Dons Auto Body-Various,1267 Bush St,San Francisco,CA
The Naylor Corp,Chocolate Heaven,Pier 39 Space D1,San+francisco,CA
Aa Products International Inc,Aa Performance Products,500 Balboa St #A,San Francisco,CA
Aa Products International Inc,Aa Window Drapes & Fabric Inc,500 Balboa St A,San Francisco,CA
Hilary Walters,Sea To Savanna Travel Company,923 Church St,San Francisco,CA
"Maker City Project, Inc.","Maker City Project, Inc.",233 Franklin St Ste 308,San Francisco,CA
Stephanie M. Burton,Bay Area Fine Living,891 Beach St,San Francisco,CA
Racquel Reeves,Yng,210 Arkansas Street St Apt 292,San Francisco,CA
Capurro Properties Series A,400 Sutter Street,400 Sutter Street,San Francisco,CA
Claudiu Tomuta,Epic Construction,1871 Gelbke Ln,Concord,CA
Propel Theory Llc,Propel Theory Llc,388 Market St Ste 1300,San Francisco,CA
Artruro Edenilson Garcia Ventura,Sf Pros Window Cleaning,668 Paris St,San Francisco,CA
"Maker City Project, Inc.",Maker City,233 Franklin St Ste 308,San Francisco,CA
J Hawk Construction Inc,J Hawk Construction,6111 Southfront Rd. Ste K,Livermore,CA
Bon Appetit Management Co,Sky Bar,1 Warriors Way Lvl 700 North,San Francisco,CA
Armor Security Inc,Armor Security,11641 83rd Ter,Lenexa,KS
Capurro Properties Series A,868 Geary Street,868 Geary Street,San Francisco,CA
Mobile Iron Inc,"Mobileiron, Inc.",201 California St,San Francisco,CA
Marco Nunez,La Loma Market,3835 Mission St,San Francisco,CA
Blake Joseph J & Assoc Inc,"Joseph J Blake And Associates, Inc.",500 Ygnacio Rd 280,Walnut+creek,CA
"Newcastle Partners, Inc","Newcastle Partners, Inc.",1 Maritime Plz Ste 1665,San+francisco,CA
Rebecca Blondell,Rebecca Blondell,1714 Hayes St,San Francisco,CA
"Textio, Inc.","Textio, Inc.",920 5th Ave  Ste 2300,Seattle,WA
Okay Software Inc,Okay Software Inc,200 Buchanan  Apt 427,San Francisco,CA
Ahmed Chokri,Ahmed Chokri,2345 Post St Apt 33,San Francisco,CA
Amy Gragnolati,Baked And Nourished,443 16th Ave,San Francisco,CA
Duong Y Hao,My Do Hair Beauty Salon,727 Geary St,San Francisco,CA
Duong Y Hao,Mydo Beauty Salon,153 Hyde St,San Francisco,CA
"Maker City Project, Inc.","Maker City, Inc.",233 Franklin St Ste 308,San Francisco,CA
Stat Nursing Services Inc,Stat Nursing Services Inc,2740 Van Ness Avenue Ste #210,San+francisco,CA
Chinese Hospital,Chinese Hospital East West Health Services,445 Grant Avenue Ground Floor,San Francisco,CA
San Francisco Student Homestay,Shelli's Homestays,678 Sacramento St,San Francisco,CA
San Francisco Student Homestay,San Francisco Student Homestay,678 Sacramento St,San Francisco,CA
Spes Kathy M & James F,Flower Fantasy,371 Madrid St,San Francisco,CA
Black Kevin A & Victoria I,The Yes Co,2622 16th Ave,San Francisco,CA
Black Kevin A & Victoria I,In The Black,2622 16th Ave,San Francisco,CA
Sada Dennis H,Innovative Products & Svcs Co,2973 Washington St,San Francisco,CA
General Hardware-Builders Etc,General Hardware-Builders Etc,P O Box 5447 Redwood City Ca,Brisbane+q4068,
League Of The Sf Consular Corp,League Of The Sf Consular Corp,1388 Sutter St Ste 1212,San Francisco,CA
Wanigasekara-Mohotti Tirtha Mendake,Avaya Wellness,350 Townsend St Ste 275,San Francisco,CA
Mac Product Development Llc,Sherpa Nutrition,1369 Hyde St Apt 71,San Francisco,CA
Mogannam Abe J & Sami J,Diana Market #2,282 9th St,San+francisco,CA
Brett Douglas J,Modern Life Designs,1738 Polk St,San Francisco,CA
Haller Kinta,1240 7th Ave Assoc,1240 7th Ave,San+francisco,CA
Haller Kinta,442 Post St Assoc.,442 Post St,San Francisco,CA
Massarweh George,1900 Divisadero St Apts,1900 Divisadero St,San Francisco,CA
Mitchell Hugh & Mary K,1019 Cole Apts,1019 Cole St,San Francisco,CA
Mar Peter H,Cal Litho,8 Venard Aly,San Francisco,CA
Ardebilchi J & K,Sheldon Hotel,629 Post St,San Francisco,CA
Pitney Bowes Management Svcs,Pitney Bowes Management Svcs,2 Folson St,San+francisco,CA
Siu Yee Keung & Mee Jing &Jan,1204 16th Ave Apts,1204 16th Ave,San Francisco,CA
Siu Yee Keung & Mee Jing &Jan,25th Ave Apts,795 25th Ave,San Francisco,CA
Siu Yee Keung & Mee Jing &Jan,331 Cabrillo St Apts,331 Cabrillo St,San Francisco,CA
Buttram Joe & Collins Jim,1908 Innes Bldg,1908 Innes Ave,San Francisco,CA
24 Hour Fitness Usa Inc,24 Hour Fitness,350 Bay St,San Francisco,CA
24 Hour Fitness Usa Inc,24 Hour Fitness,2145 Market St,San Francisco,CA
Lau Benjamin,All-Inclusive Travel & Bus Svc,2568 Noriega St Ste 202,San Francisco,CA
24 Hour Fitness Usa Inc,24 Hour Fitness,3741 Buchanan St,San Francisco,CA
Saberi Andy,Andy Shell,595 Van Ness Ave S,San Francisco,CA
Sothebys Intl Realty Inc,"Sotheby's International Realty, Inc.",2001 Lombard St,San Francisco,CA
Page Southerland Page Inc,Page Southerland Page,414 Jackson St #404,San Francisco,CA
Gonzalez Amalia G,Great Mission Hair Salon,2827 Mission St,San Francisco,CA
Greenberg Robin E,Robin Greenberg Mfcc,3626 Sacramento St Ste 8,San Francisco,CA
Dateline Properties N V,22 Battery Bldg,22 Battery St,San Francisco,CA
Dateline Properties N V,98 Battery Building,98 Battery St,San Francisco,CA
Cohn Ted,1319 California Bldg,1319 California St,San Francisco,CA
Legallet Properties Llc,1111 Shafter Ave,1111 Shafter Ave,San Francisco,CA
Legallet Properties Llc,1064 Quesada Property,1064 Quesada Ave,San Francisco,CA
Sung Steven M,Steve's Jewelry,1150 Blythe St,Foster+city,CA
Huret Robert-Rothenberg Alan,"Huret, Rothenberg & Co.",42 7th Ave,San+francisco,CA
Havadrink Inc,Shanghai Kellys,2064 Polk St,San Francisco,CA
Cowan Timothy W,Daystar Plumbing,1015 Rio Vista Dr,Pacifica,CA
Page Southerland Page Inc,Page Think,414 Jackson St #404,San Francisco,CA
Guehrs Markus,Markus Guehrs,714 Guerrero St,San Francisco,CA
Strategic Aid Partners Inc,Strategic Aid Partners Inc,65 Forest Side Ave,San Francisco,CA
Khouja Neji,American Town Car Limousine,100 Font Blvd # 2f,San Francisco,CA
Gocarts Technologies Inc.,Gocarts,388 Market St Ste 1300,San Francisco,CA
Mcgrath Rentcorp,Mobile Modular Mgmt,5700 Las Positas Rd,Livermore,CA
Davol Inc,Davol Inc,P O Box 8500 Cranston Ri,Cranston,RI
Bodington Jeffrey C,3215 Clement St Apts,3215 Clement St,San Francisco,CA
Schubert Jonckheer&kolbe Llp,Schubert Jonckheer Kolbe Llp,3 Embarcadero Ctr Ste 1650,San+francisco,CA
Rachel Malchow Architect Inc.,Rachel Malchow Architect Inc.,632 Oak St,San Francisco,CA
New Li Po Inc,Li Po Cocktail Lounge,916 Grant Ave,San Francisco,CA
Lee David S,High Tech Construction,2601 Bartlett St,Oakland,CA
Bonneville Charitable Foundatn,Z Care For Kids,201 3rd St.ste.1200,San+francisco,CA
Children's Creativity Museum,Children's Creativity Museum,221 4th St,San+francisco,CA
Rutland Patty-Jo,Rutland&associates,709 Catalina  Uppr Upp,Laguna+beach,CA
Noah Thomas,Parkmerced Florist,172 Lundao Ct,San Francisco,CA
Banchory Llc,Banchory Llc,3829 20th St,San Francisco,CA
Health Diagnostics Of California A Professional Corporation,Simonmed Imaging,1180 Post St,San Francisco,CA
Sheng Kee Of Cal Inc,Sheng Kee Bakery & Cafe,1941 Irving St,San Francisco,CA
Goldberg Ba Thi,Nikkis Oriental Massages,1172 Sutter St,San Francisco,CA
Lin Ho Md Inc,Lin Ho Md Inc,2340 Clay St #610,San+francisco,CA
"Dyneti Technologies, Inc.","Dyneti Technologies, Inc.",353 Sacramento St Fl 18,San Francisco,CA
Red Bird Solutions Llc,Red Bird Solutions,1246 12th Ave,San Francisco,CA
Mccauley J Brian Corp,Mccauley J Brian Corp,1 Market St 1600,San Francisco,CA
Polka Dot Labs Llc,Polka Dot Labs Llc,4114 17th St A,San Francisco,CA
Polka Dot Labs Llc,Polka Dot Ventures Llc,5175 Diamond Heights Blvd 208,San Francisco,CA
Technology Unlimited Inc,Tui Financial Systems,1179 Andover Park,Tukwila,WA
94105 Investments Llc,94105 Investments,338 Main Street  31e,San Francisco,CA
Calvin Chin,Chin Up Auto,600 Illinois St,San Francisco,CA
Leida Venegas,La Cocina,2948 Folsom St,San Fransico,CA
Presidio Systems Inc,Presidio Systems Inc,159 Wright Brothers Ave,Livermore,CA
Sapelkin Kirill S & Nina A,Znanie Book Store,4720 Geary Blvd,San Francisco,CA
Sang Der,1131-1133 Grant Ave Apts,1131 Grant Ave,San Francisco,CA
Jew Fay,1142 Kearny Apts,1142 Kearny St,San Francisco,CA
Schulz Gunter E,115 Dolores Apts,115 Dolores St,San Francisco,CA
Strykowski David,860 Corbett Apts,860 Corbett Ave,San Francisco,CA
Catholic Charities Arch Sf,Catholic Charities Cyo,1390 Mission St,San Francisco,CA
Enzi Christopher,Christopher Enzi,4448 18th St,San Francisco,CA
United Peace Llc,United Peace Llc,244 Grahan St,San+francisco,CA
United Peace Llc,United Peace Llc,838 Anza St,San Francisco,CA
Jp Ventures Llc,Jp Ventures Llc,1755 Filbert Street  1d,San Francisco,CA
Health Diagnostics Of California A Professional Corporation,"Health Diagnostics Of California, A Professional Corporation",1180 Post St,San Francisco,CA
Darril Hudson Revoc Tr,Darril Hudson Revoc Tr,1906 Hyde St,San Francisco,CA
Pitney Bowes Management Svcs,Pitney Bowes Management Svcs,211 Main St,San+francisco,CA
Kim Young Bo,Tyger's Coffee Shop,2798 Diamond St,San Francisco,CA
Papalexopoulos Alex D,Ecco International,590 Junipero Serra Blvd,San Francisco,CA
Chen Meili,Miidii Hair Salon,1016 Stockton St,San Francisco,CA
Chen Meili,Joy's 2 Hair Salon,1016 Stockton St,San Francisco,CA
Puccini Restaurant Group Llc,Tratto,501 Geary St,San Francisco,CA
Puccini Restaurant Group Llc,Puccini Restaurant Group,433 California St #200,San Francisco,CA
Level 3 Communications Llc,Level 3 Communications Llc,665 3rd St,San+francisco,CA
Ds Waters Of America Inc,Primo,730 Taraval St,San Francisco,CA
Ds Waters Of America Inc,Primo,350 7th Ave,San+francisco,CA
Ds Waters Of America Inc,Primo,1800 Folsom St,San Francisco,CA
Sf Ercom,Sf Ercom,1055 Fillmore St,San Francisco,CA
Carlbert Thomas J,World Chiropractic,290 Division St #400,San Francisco,CA
"Triple Canopy, Inc.","Triple Canopy, Inc.",12018 Sunrise Valley Dr Ste 140,Reston,VA
Red Bird Solutions Llc,Rbs,84 Camellia Ave,San Francisco,CA
Facebook Inc,"Facebook, Inc.",250 Howard St Fl 34th,San Francisco,CA
Facebook Inc,"Facebook, Inc.",181 Fremont St Fl,San Francisco,AR
Ferreira Service Inc,Ferreira Service Inc,2600 Old Crow Canyon Rd 100,San+ramon,CA
Judith L. Kaminsky,Cookin',339 Divisadero St,San Francisco,CA
Lefco Inc,Lefco Inc,698 E Taylor Av,Brisbane+q4068,
Light Allie J,Light-Saraf Films,264 Arbor St,San Francisco,CA
Sanders Albert,Another World Realty,77 Mcallister St,San Francisco,CA
Melnitzer Rudy & Helaine,International Pastry,2565 3rd St Ste 342,San+francisco,CA
Melnitzer Rudy & Helaine,California Smart Foods,2565 3rd St Ste 341,San+francisco,CA
Lim Jonathan,Calyks,1122 Tennessee St #3,San Francisco,CA
Lee Ming & Melanie,Vic's Cleaners,551 Taylor St,San Francisco,CA
Maass Dave,Maass Dave,1510 Eddy St 1507,San Francisco,CA
Jean W Seto,2576 Washington Street,2580 Washington St Apt 7,San Francisco,CA
Toni Abousleiman,Toni Abousleiman,4801 Fair St,Pleasanton,CA
Page Southerland Page Inc,Page/bms Design Group,414 Jackson St #404,San Francisco,CA
Page Southerland Page Inc,Page/bms,414 Jackson St #404,San Francisco,CA
Johnny George,Johnny George Painting And Decorating,5168 Brookside Ln,Concord,CA
Bard C R Inc,Bard C R Inc,730 Central Ave,Brisbane+q4068,
A & D Automatic Gate Co Inc,A & D Automatic Gate Co Inc,810 Warrington Ave,Redwood+city,CA
Giordano Thomas,Abraxas Electric,56 Oak Knoll Dr,San+anselmo,CA
Cross Marketing Corporation,Cross Marketing Corporation,210 Post St Ste 1113,San Francisco,CA
Bologna Rosa D Etal,2332-2342 Taylor St Apartments,2332 Taylor St,San Francisco,CA
Union Square Hearing Inc,Bay Area Audiology,2100 Webster St #202,San Francisco,CA
Neoplan Usa Corporation,Neopart Div Of Neoplan Us Corp,P O Box 278 Honey Brook Pa,Honey+brook,PA
Arlene Meredith Yap,Arlene Meredith Yap,1157 Masonic Ave,San Francisco,CA
Polk Alexandra,Alexandra Polk,25 Rausch St,San Francisco,CA
Propark America West Llc,Propark,345 Stockton St,San Francisco,CA
Not You Average Dog,Ocean Paws,531 Holloway Ave,San Francisco,CA
Hong Kong Airlines Limited,Hong Kong Airlines Limited,111 Anza Blvd 108,Burlingame,CA
Mar Myron S,Little Brown Bear,8 Venard Aly,San Francisco,CA
Granese Joseph N Jr,3731 16th St Apts,3731 16th St,San Francisco,CA
Adams David M & Arlene,1660-1664 Filbert Apts,1660 Filbert St,San Francisco,CA
Yee Jones Y & Rose T-Etal,1940 Washington St Apartments,1940 Washington St,San Francisco,CA
Esquin Imports Inc,Esquin Imports Inc,15 Ross Ave,San+anselmo,CA
Stokes Michael J,Mjs Professional Mntnce & Svc,655 Steiner St,San Francisco,CA
Bon Appetit Management Co,East Wine Vault,1 Warriors Way Event Lvl East,San Francisco,CA
Unifirst Corporation,Unifirst Corporation,14266 Catalina St,San+leandro,CA
Roger Krause,Roger Krause,149 Rivoli St,San Francisco,CA
Dicicco Oliver J,Mobius Music,1583 Sanchez St,San Francisco,CA
Assing James,1614 Fell Apts,1614 Fell St,San Francisco,CA
Low Raymond & Irene,1010 Anza Apts,1010 Anza St,San Francisco,CA
Tang K K,1261 10th Av Apts,1261 10th Ave,San Francisco,CA
Ling Peggy,Enchanted House The,1453 Grant Ave,San Francisco,CA
Kool Jeffrey C,425 39th Av Apts,425 39th Ave,San Francisco,CA
Randle John,2676 Bush Apts,2676 Bush St,San Francisco,CA
Andrews Assocaties Inc,Andrews Assocaties Inc,1 Embarcadero Ctr  546,San+francisco,CA
Zen Compound Llc,Temple Sf Night Club,55 Natoma St,San Francisco,CA
Legal Services For Children,Legal Services For Children,1254 Market St Fl 3,San Francisco,CA
Yang Chu Mei,Java Source Coffee House,343 Clement St,San Francisco,CA
Aperture Credentialing Llc,Aperture Credentialing Llc,73 Sumner St  Apt 303,San Francisco,CA
Sj Harrison Llc,Sj Harrison Llc,3739 Balboa St St 1175,San Francisco,CA
Emily Kuang,Emily Kuang,32 Fredson Ct,San Francisco,CA
"Sea Of Rocks, Llc","Sea Of Rocks, Metropolitan Vintage Club",101 A Clay St 111,San Francisco,CA
"Sea Of Rocks, Llc",Metroskape Vintage Club & Sea Of Rocks,101 A Clay St 111,San Francisco,CA
"Sea Of Rocks, Llc",Metroskape Vintage Club,101 A Clay St 111,San Francisco,CA
"Sea Of Rocks, Llc",Sea Of Rocks,101 A Clay St 111,San Francisco,CA
Anthony Comella,"Tony Comella Pt, Dpt",290 Division St,San Francisco,CA
Tana Park Llc,Tana Park Llc,265 Eddy St,San Francisco,CA
Scott Wilcox,Quality Time Equipment,28407 Rolling Hills Rd,Pioneer,CA
Rnb Corporation,The Powerhouse,1347 Folsom St,San Francisco,CA
Rory Lydon,Oneonezerozero,1100 Valencia St,San Francisco,CA
L C Genl Engineering & Const,L C General Engineering & Construction Inc,1260 Egbert Ave,San Francisco,CA
Moran Delia,Delia Works,426 28th Ave,San Francisco,CA
Norton Nancy S,1723-1725 Lyon St Apartments,1723 Lyon St,San Francisco,CA
Baxter Jesse T,Tuesday Tattoo,4025 Judah St,San Francisco,CA
Ksmps Corp,Internos Wine Cafe And Bar,3240 Geary Blvd,San Francisco,CA
Brookfield Properties Development Llc,Brookfield Properties Development Llc,875 Howard St Ste 330,San Francisco,CA
Cadelinia & Leung Inc,Prudential California Realty,1430 Taraval St,San Francisco,CA
Cadelinia & Leung Inc,Bhhs California Realty,1430 Taraval St,San Francisco,CA
Fong Hanlon J,456 9th Ave Apts,456 9th Ave,San+francisco,CA
Bon Appetit Management Co,Suites Cart Pantry,1 Warriors Way Lvl 400 South West,San Francisco,CA
Language Cypher Inc.,Language Cypher Inc.,15 Onondaga Ave 12009,San Francisco,CA
Kristin F Wong Md A Professional Corporation,Kristin F Wong Md A Professional Corporation,1842 Noriega St,San Francisco,CA
Uvula Llc,Uvula Llc,2171 12th Ave,San Francisco,CA
"Night Rain Aromatics, Llc",Amayori,2 Mint Pl Unit 602,San Francisco,CA
Trung Steven Nguyen,Tsnphotos,2918 Pine St,San Francisco,CA
Msg Llc,The Frenchy Gourmet,2001 Whitman Way,Sacramento,CA
Gabrielle Alexandria Craig,Gabrielle Alexandria Craig,885 Clayton St,San Francisco,CA
Electro-Motion Inc,Electro-Motion Inc,1001 Obrien Dr,Menlo+park,CA
Unx Enterprises Llc,The Royale,800 Post St,San Francisco,CA
Lawrence Lau,Lala Ventures,36 Scotia Ave,San Francisco,CA
Silver Brucia,Silver Brucia,535 Stockton St Apt 31,San Francisco,CA
Hada Design Llc,Mandoo Club,1539 41 Ave,San Francisco,CA
Kim Roy,"B,c10",20295 Francican Way St,Salinas,CA
"Ncc Group Escrow Associates, Llc","Ncc Group Escrow Associates, Llc",650 California St Ste 2950,San Francisco,CA
Jcn Interests Llc,Jcn Interests Llc,578 19th Ave,San Francisco,CA
Happy Rhinos Corporation,Happy Rhinos Corporation,1711 Mcallister St,San Francisco,CA
C23 Treasure Island 048 Holdings,C23 Treasure Island 048 Holdings Llc,1 Sansome St 2070,San Francisco,CA
Fong Hanlon J,Fong Hanlon,2000 Van Ness Ave,San Francisco,CA
Adelman Leon E,Adelman Leon E,1290 Burnaby St. Apt. 801 Canada,Vancouver,BC
Khong Doan M,Khong Doan M Md,324 Leavenworth St,San Francisco,CA
Parc Specialty Contractors,Hazardous Material Abatement Contractor,1400 Vinci Ave,Sacramento,CA
Rosales Painting,Rosales Painting,2108 Folsom St Unit 4,San Francisco,CA
Roth Charles W,Roth Charles W Cpa,385 Hayes St,San Francisco,CA
B1 Treasure Island 048 Holdings,B1 Treasure Island 048 Holdings Llc,1 Sansome St 2070,San Francisco,CA
Scarborough Cristina R,Cristina Scarborough Design,6 Chestnut Ave,Ross,CA
Lb Llc,Albi,555 Bartlett  411,San Francisco,CA
All Systems Health Inc,All Systems Health Inc,1445 Fillmore St,San Francisco,CA
"Payment Software Company, Inc.","Payment Software Company, Inc.",650 California St Ste 2950,San Francisco,CA
The Ness Group Llc,The Ness Group Llc,1428 Funston Ave,San Francisco,CA
Atalaya Tech Inc.,Atalaya Tech Inc.,1666 Grove St,San Francisco,CA
Alexander Gregor,Alexander Gregor,63 Prospect Ave,San Francisco,CA
Roque Solis,Valentino V&d Inc,2404 Applegarth Lane,Antioch,CA
Shonte Foster,Parents Against Cps Corruption,253 Blythdale Ave Bldg,Sf,CA
Davin Skonberg,Davin Skonberg,601 Van Ness Ave.  1127,San Francisco,CA
"Modas Systems, Inc","Modas Systems, Inc",114500 Pagemill Road Rd,Dallas,TX
Quart Management Consulting,Quart Management Consulting,223 Monterey Blvd,San Francisco,CA
Gregory Donelle M,Integrated Brand,4104 24th St #370,San Francisco,CA
Bon Appetit Management Co,"Theatre Box North West Bar, Buffet & Pantry",1 Warriors Way Lvl 500 North West,San Francisco,CA
Bon Appetit Management Co,Ice Cream West Club 300,1 Warriors Way Lvl 300 North West,San Francisco,CA
Ellis Holly M,Idle Hand Tattoo Studio,575 Haight St,San Francisco,CA
Subramaniam Thileepan,Art Multimedia Systems,2876 25th St,San Francisco,CA
Yamazaki Kikue,Sf Beauty Lounge By Kikue,870 Market St Ste 816,San Francisco,CA
72 Hour Llc,Wfg,490 Auto Center Dr,Watsonville,CA
Phien Phan,"Eq-Loan, Inc",2021 Fillmore St 1106,San Francisco,CA
Homestay,Homestay,45 Greenwood Avenue Ave,San Francisco,CA
Cheyenne Kratz,Cheyenne Kratz,Floor 2,Sanfrancisco,CA
Grace Uvezian,Grace Uvezian,2433 Franklin Street  Apt 4,San Francisco,CA
Bon Appetit Management Co,North East Bar 300,1 Warriors Way Lvl 300 North,San Francisco,CA
Szalva Walter,Planet 3 Productions,121 21st Ave,San Francisco,CA
Er Plumbing And Construction Inc.,Er Plumbing & Construction,2346 20th St,Oakland,CA
Kelley Timothy J,Historic Homes,133 Farnum St,San Francisco,CA
Green Patricia M,Checked & Balanced Bookkeeping,6200 Majestic Ave,Oakland,CA
National Commercial Builders Inc.,National Commercial Builders Inc.,41951 Remington Ave Ste 230,Temecula,CA
Canopy Jackson Square Llc,Canopy,595 Pacific Ave,San Francisco,CA
Wright Gardner Llc,The Wright Gardner,1162 Folsom St,San Francisco,CA
Kelley Timothy J,Tim Kelly Consulting,30 Monterey Blvd,San Francisco,CA
"Faraday, Inc",Faraday,431 Pine St Ste 311,:Burlington,VT
Diverse Inspection Serv Inc,Diverse Inspection Services Inc.,1110 San Anselmo Ave,San+bruno,CA
Maria P Pappas,Maria Pappas Business Consulting,803 Vermont St,San Francisco,CA
Ball John C,1320 Egbert Av Bldg,1320 Egbert Ave,San Francisco,CA
Heinrich Ellen Nicole,Ellen Nicole Heinrich Mft,3637 Sacramento St Ste F,San Francisco,CA
Brown Wanda A,Brown Ann Interiors,726 Lake St,San Francisco,CA
Fowler Lissa& James & Sui-Hen,2845 Washington Apts,2845 Washington St,San Francisco,CA
Cao Thi Ngoc Anh,Mary-Anne Hairstyling,1327 9th Ave,San+francisco,CA
Shaikh Usman M,Helen Hotel,166 Turk St,San Francisco,CA
Dugstad Bruce,Dugstad & Associates,222 Columbus Ave,San Francisco,CA
Brocato Keenan Property Gp Llc,25 Cervantes St Apts,25 Cervantes Blvd,San Francisco,CA
Brocato Keenan Property Gp Llc,15 Alhambra St Apts,15 Alhambra St,San Francisco,CA
Christopher Mccleary Jr,Candlestick Courier Collective,276 Golden Gate Ave,San Francisco,CA
Rocha Patricia L,Patry,2847 Mission St,San Francisco,CA
Thomas I Pendergast Inc,Rent-A-Wreck Of Sf,2955 3rd St,San+francisco,CA
Thomas I Pendergast Inc,Coast Truck Rental,2955 3rd St,San+francisco,CA
Lucin Ivan & Katica,"3385,91,95 Mission Bldg",3385 Mission St,San Francisco,CA
Cabochon Inc,Cabochon Inc,231 Alta Vista Wy,Daly+city,CA
Usman Romana Md,Roman Usman Md,909 Hyde St,San Francisco,CA
Kim Jin Woo & Kim Son Ye,Vikings Giant Submarine,1418 Lombard St,San Francisco,CA
Choe Sang Mi,The Outsider,894 Geary St,San Francisco,CA
Diageo North America Inc,Diageo North America,1160 Battery St,San Francisco,CA
Ds Waters Of America Inc,Primo,15 Marina Blvd,San Francisco,CA
Ds Waters Of America Inc,Primo,111 Cambon Dr,San Francisco,CA
Israel Shalom,Israel Shalom,Capp,San+francisco,CA
Wonder Tea Llc,Wonder Tea Llc,2250 Irving St,San Francisco,CA
Michael Dewey,Md Services,38 Brentwood Ave,San Francisco,CA
Tran Xien Vuong Ten,K H Hotel,395 Eddy St,San Francisco,CA
Tran Xien Vuong Ten,First Coin Laundry,365 Eddy St,San Francisco,CA
Wong Richard W,Richard W Wong Cpa,736 Sacramento St,San Francisco,CA
Lau Tat Wa & Irene,Gold Wing Imports,749 Grant Ave,San Francisco,CA
Blake Joseph J & Assoc Inc,Blake Joseph J & Assoc Inc,1460 Maria Ln  Walnut Creek 250,Walnut+creek,CA
Dere Jennifer,1827 9th Ave Apts,1827 9th Ave,San+francisco,CA
Eyebrow Plus Inc,Eyebrow Plus Inc,3251 20th Ave Ste 272,San Francisco,CA
Letacia Damiao Sousa,Leticia Damiao Hairstylist,2423 California Street  Bldg,San Francisco,CA
Americal Realty Inc,"Americal Realty, Inc.",4700 Norris Canyon Rd,San+ramon,CA
Spott Lucey & Wall Inc Cpa,Spot Lucey & Wall Inc Cpa,601 Montgomery St 777,San Francisco,CA
Romero Jose Recinos De Romero Elizabeth,Elizabeth Y Jose House Cleaning,149 Price St,Daly+city,CA
Peking Bazaar,Peking Bazaar,832 Grant Ave,San Francisco,CA
Flahaven Thomas A & Rose,88 Cumberland St Apts,88 Cumberland St,San Francisco,CA
Gallagher Mary K.,135 Hartford St Apts,135 Hartford St,San Francisco,CA
Eyebrow Plus Inc,Idry Bar,865 Market St 320,San Francisco,CA
Eyebrow Plus Inc,Eyebrow Plus Inc,865 Market St 9302,San Francisco,CA
Friedman & Springwater Llp,Friedman & Springwater Llp,350 Sansome St 210,San Francisco,CA
Friedman & Springwater Llp,Friedman & Springwater Llp,33 New Montgomery St 290,San Francisco,CA
Shea Labagh Dobberstein Cpa In,Shea Labagh Dobberstein Cpa,1700 S.e L Camino Real,San+mateo,CA
Total Renal Care Inc,San Francisco Home Training,1493 Webster St,San Francisco,CA
B T Mancini Co Inc,B T Mancini Co Inc,P O Box 361930 Milpitas Ca,Milpitas,CA
T & R Investment Corp,The San Remo Hotel,2237 Mason St,San Francisco,CA
Patel Balvant V & Kumud B,777 6th Ave,777 6th Ave,San+francisco,CA
Bentoncade Llc,Ledgerassistant,660 King St Apt 223,San Francisco,CA
Nurrished Inc,"Millie, Inc.",321 Page St,San Franciscco,CA
Rocha Patricia L,Patry,2776 Mission St,San Francisco,CA
Tokuya Rimi,Kai International,886 Sutter St Apt 403,San Francisco,CA
Lawhon Law & Mediation Pc,Lawhon Law & Mediation Pc,870 Market St #1151,San Francisco,CA
Bulkship Maritime Agency Inc,Bulkship Maritime Agency Inc,330 Townsend St Ste 114,San Francisco,CA
Twilight Security & Invest Inc,Twilight Security,1355 Fairfax Ave,San Francisco,CA
Charles C Nip Dds Inc,Nip Charles C Dds Inc,240 Shotwell St,San Francisco,CA
Terminix International Co Lp,Terminix International Co Lp Dba A-Pro Pest Control,75 Cristich Ln A,Campbell,CA
Gill Robert J & Jennie,882 Florida Apts,882 Florida St,San Francisco,CA
Peter J Panagotacos Md Apc,Dermatology Center Of Sf,2555 Ocean Ave,San Francisco,CA
Nelson Richard K,1353 Stevenson Rentals,1353 Stevenson St,San Francisco,CA
Watson James Dds Inc,Watson James Dds Inc,156 West Portal Ave,San Francisco,CA
Terminix International Co Lp,Terminix International Co Lp,5860 Las Positas Blvd,Pleasanton,CA
Capital Research & Mgmt Co,Capital Research & Mgmt Co,1 Market Ststeuart Tower 2000,San Francisco,CA
Capital Research Co,Capital Research Co,1 Market Ststeuart Tower 2000,San Francisco,CA
Heard Marjorie A,Last Straw The,4540 Irving St,San Francisco,CA
Russo Joseph P,5006 Mission Bldg,5006 Mission St,San Francisco,CA
Chen Yu M & Hsieh Yun H,Noriega Acupuncture Center,2714 Noriega St,San Francisco,CA
Chan Pui Yee & Pui Hong,Lydias Flower,5 Embarcadero Ctr,San+francisco,CA
Sterling M Enterprises Inc,Lees Deli,550 California St,San Francisco,CA
King Beverly,Kemetic Fashion Group,1216 Nimitz Dr,Daly+city,CA
Redbox Automated Retail Llc,Redbox Automated Retail Llc,625 Monterey Blvd,San Francisco,CA
Facebook Inc,"Facebook, Inc.",250 Howard St Fl 3/4,San Francisco,CA
Christina Marie Puncsak,Christina Marie Puncsak,3242 16th St,San Francisco,CA
Lord Kate,Bossart Kw & Associates,178 Commonwealth Ave,San Francisco,CA
Straka Marilyn J,On The Level-S F Excursions,2295 Vallejo St Apt 504,San Francisco,CA
Renaissance Entrepreneurship,Renaissance Entrepreneurship,275 5th St 2nd Fl,San Francisco,CA
Reed Carol A,A Jewelers Place,2015 Balboa St,San Francisco,CA
Siena Imports Inc,Siena Imports Inc,1295 Evans Ave,San Francisco,CA
Lyons Developmental Behavior Consulting Llc,Lyons Developmental Behavior Consulting Llc,150 Delmar St Apt 3,San Francisco,CA
Rao  Fu,Bow  Bow  Cocktails,1155 Grant Ave,San  Francisco,CA
Lopez Veronica E,Veronica E Lopez,3915 24th St,San Francisco,CA
Chu Dennis W,Output,1790 9th Ave,San+francisco,CA
Chu Dennis W,University Ave Tours,1790 9th Ave,San+francisco,CA
Abide International Inc,Abide International Inc,561 1st Street West Sonoma,Sonoma,CA
Hospitality And Investment Real Estate Advisors,Hire | Advisors,354 Pine St 5th Flr,San Francisco,CA
Hospitality And Investment Real Estate Advisors,Hireahotels.com,354 Pine St 5th Flr,San Francisco,CA
Hospitality And Investment Real Estate Advisors,Hireadvisors.com,354 Pine St 5th Flr,San Francisco,CA
Salvetti Mario & Marisa,40-44 Price Row Apts,40 Price Rw,San+francisco,CA
Reich Samantha A,Samantha A Reich,2010 43rd Ave,San Francisco,CA
Trust B U/w Of M C Samuel,Trust B U/w Of M Samuel,396 San Jose Ave,San Francisco,CA
Foundery Innovations Inc,Foundery Innovations Inc,953 Indiana St,San Francisco,CA
Jimlar Corporation,Aquatalia,2047 Fillmore St,San Francisco,CA
Enspace Co.,Enspace Co.,950 Harrison St Unit 221,San Francisco,CA
Kamilah Taylor,Kamayo,15 Galilee Ln Apt 6,San Francisco,CA
Jose Escobar,Distribution Warehouse Consultant,8100 Ocean View Terrace 206 Ter Unit 206,San Francisco,CA
Martinez Alfred,Alfred Martinez,1408 Shotwell St,San Francisco,CA
Pacaso Inc,Pacaso,18 4th St 902,Cincinnati,OH
Queen S Family,King Of Tang,217 King St,San Francisco,CA
"Forethought Technologies, Inc.","Forethought Technologies, Inc.",150 Spear St Ste 350,San Francisco,CA
Hospitality And Investment Real Estate Advisors,Hire Advisors,354 Pine St 5th Flr,San Francisco,CA
Field Robert Paul Field Michele,2255 Van Ness Ave Bldg,2255 Van Ness Ave,San Francisco,CA
Louie David,Louie David,292 Ocean Ave,San Francisco,CA
Lee Wallace & Ching Ming,1257 Folsom Bldg,1257 Folsom St,San Francisco,CA
Pao Yat Chiu,P & L Electric Co,816 Ellis Dr,Mexico,
Dellas Emily A,First Class Cooking,1 Bluxome St Apt 402,San Francisco,CA
Ng Allen & Chow Janice,557 Belvedere Apts,557 Belvedere St,San Francisco,CA
Ca Adv Imaging Med Assoc Inc,Ca Advanced Med Assoicates Inc,3700 California St,San Francisco,CA
Mcmillan Robert S & Nicole,172 Parnassus Apts,172 Parnassus Ave,San Francisco,CA
Takashi Masashi & Margaret,3183-3185 Mission St Bldg,3183 Mission St,San Francisco,CA
Floreza Eileen Enrile,Montgomery Travel Services,220 Montgomery St 420,San Francisco,CA
